age,temperature,vibration,current_draw,rul
0.46450412719997725,62.85582666756076,7.271565725514128,9.95748192630222,78.55766166189665
9.44765729882428,151.8529005235425,24.527694513570243,14.932051668462867,0.0
6.1062004244163255,122.35856511185098,18.294744606521867,12.410808079358178,4.334860898482191
0.28782676313338973,62.273328258357644,5.650314057038219,10.069428726683046,81.08659284818191
9.148459010681,152.08209592354137,22.195657323194258,14.081327601006588,0.0
6.675577385210271,125.4176283747829,17.811501801736913,13.197883521416633,0.0
8.35302495589238,141.3900800262715,21.15163440771931,13.602666783038357,0.0
7.636057941597608,137.38839511529392,21.20522086865429,14.284593006969338,0.0
3.533522280260528,95.61865662988508,10.438306867193278,12.444482540683012,39.026803824402
5.373956029379229,112.77407324942823,14.81139397418862,13.078043015455345,14.44605297096785
5.426960831582485,115.25451084384115,14.312408951776032,12.16482915197482,14.72091696941372
2.5178229582536416,83.1251989837143,11.157511300683584,11.631414135565462,51.566950929090034
0.22469308320117398,61.764415522774655,7.017018877529479,10.266152875695186,80.80073161392303
3.469532018962277,97.9446771065619,8.630714952275952,12.27575841410611,40.41743833905443
1.2758030279556376,73.32319018053298,6.997315662661237,11.082420075117765,68.31836376504152
7.578461104643691,136.21947679279634,19.912732850178937,13.647661103949961,0.0
1.0178247262040374,70.97762316554565,6.28118729658106,10.856613600377168,70.43159674527101
8.530094554673601,143.25536041633922,21.322734830899133,14.282267783189722,0.0
3.4181735169787597,94.58405448153329,9.53298884914686,11.841474413978371,40.475780319201405
2.5464065476376385,82.4127528472362,10.130895726088893,10.810921216629769,52.34741732987563
9.758520794625346,158.4452912406356,22.685972950379455,15.034259888895452,0.0
3.5883048412350247,95.71768704066486,11.988428292465699,12.011537452895958,37.68908735009214
2.622640442998251,88.97372152030843,9.567791671757067,10.326858650291083,50.30975529290257
1.8485445552552704,77.9218763348317,8.725363544927813,10.74101876744361,60.733849577647135
2.9314773026101326,91.74909006775233,11.387429676169806,11.502337146805914,45.83784492350714
7.319939418114051,133.95978988315244,17.382798275181596,13.058369281362452,0.0
6.181282404578958,121.94177287540982,17.354170780914348,13.642579873947607,3.376218381703211
5.031362585800877,110.95634028890932,15.720438779816345,12.471064215789715,18.26624967328179
4.214245505924979,99.78437547693018,13.931078055476135,12.408670095436905,29.175730771297413
8.496473906774115,142.8345117415904,23.251358564252648,14.221284528884187,0.0
3.9850473439737346,103.11733650433953,13.00379352716554,11.92282507165525,31.985718315347007
3.6097389694002677,94.61244852260658,11.482747318087378,10.919335208156088,36.986655622501495
6.957486889846171,129.72687968128653,19.521415912134888,13.501744818549724,0.0
9.495206236576422,149.7699777814744,24.382288270003627,14.664787413129394,0.0
9.488855372533333,155.2816632783565,25.322969718864965,14.58380630320771,0.0
1.7052412368729153,76.1729502521808,8.630671991724155,10.534841697734256,62.554273186646675
5.026370931051921,110.658908519904,13.90865469425452,13.176083789297056,18.62979173251488
3.8929561404197655,101.25331800941403,13.62312155261729,12.030507973193293,33.01254986568596
9.004180571633304,151.7230928143105,23.992212308061248,13.817932766400247,0.0
1.1607264050691624,72.59862782663683,5.818171626466116,9.975624734825178,69.20113139239375
5.986584841970366,121.08701991027131,18.113253629475135,12.47227021486363,5.026776885299812
6.0642905965958995,120.63570088777786,18.558268761255928,12.204701580183801,4.851790324414209
0.45218670106189407,64.68552572771407,4.658706792288941,9.62258252660234,79.8527202724655
9.224993811772958,150.62943324370082,26.087918349838617,14.079379439936867,0.0
5.163003483011953,113.6906017381832,14.56379666955294,12.553207497056029,17.524418173933537
0.7697990982879299,69.91539814404511,6.517919790258441,10.57639404151443,74.42713608328913
1.4299168205283586,71.81144173450102,5.984222040102141,11.306705243709143,67.08759156420798
0.7404465173409036,68.34729628618184,6.105823262783378,10.254960946080326,75.14334246423407
3.109823217156622,89.87265479059745,13.176156798630473,11.759215262429196,42.977308003616805
4.655980181324601,103.9704388618042,10.65373462523456,13.20545662648592,26.093361592773455
3.308980248526492,96.18481288792505,12.808193577881303,11.103344049345035,40.155281250534635
6.946964708544268,132.8597491663042,17.774061897278177,13.22469693507953,0.0
9.472833396118153,153.67022860648893,23.593735937300185,15.188425475439734,0.0
6.680851365706461,130.03926503600348,16.84887070529861,13.30808138033697,0.0
7.508710677914974,133.1099245648479,23.052830684674404,14.242011568196476,0.0
2.7993389694594284,87.71421043828394,12.286830115541012,11.934974764719307,47.56995127779888
1.5041689110352818,75.68508472274485,5.753717369430836,11.320741726700007,65.41609936415519
2.9446575954191765,87.4459133049806,12.511965282347596,11.186455776731558,45.944691900422754
8.945522268940914,150.72466562653267,25.909450206432975,14.014600674933746,0.0
1.5599452033620265,77.76101348472952,5.933563157526658,10.60401194277276,64.54588653053897
8.14574720231382,141.0701531045788,22.112391600694593,13.634486710550988,0.0
3.748705795237041,95.0391774188459,12.653945496758901,12.260312975036857,35.180543404005846
4.275410183585496,103.20167773913275,13.236987556554201,11.803815313558305,28.928189667712747
6.97015740995268,131.00621985635362,18.940625417282657,14.06461573745429,0.0
5.8577558127346325,116.12234249707234,19.039041852712046,12.418296677587165,7.605601543240522
8.617856210135173,148.55333420448125,22.259139921194752,14.700364972541873,0.0
6.966508238768922,128.1958992340931,19.35397108427305,13.0755663052264,0.0
1.1816482762165625,66.81767133241847,5.696109617027577,10.287572444000412,70.94958524020869
8.952068376871994,150.63314378752128,25.211034631362818,14.274496193903481,0.0
6.967371653641506,134.25560168159652,19.30450047493102,13.711637924406105,0.0
4.55656752785713,107.74829551975984,14.634649781021764,12.170449945154749,24.284227437999604
8.925589984899778,151.6689177820145,23.692559141711413,14.319071232749712,0.0
2.078862551460273,81.59608569527595,10.176439266077839,10.479658211538553,56.640321420684465
2.944488920695857,88.93013613211188,12.099661736347679,10.228080783641435,46.12755637602456
8.421189231357086,142.70040199458518,22.217678772091716,13.697718273858404,0.0
7.080725777960454,127.48533591257254,21.172127224955627,13.631076199037212,0.0
7.259556788702394,131.6909552485258,21.20528265738381,14.26163173317853,0.0
0.8870253375705561,67.65882352969888,6.701072147785435,10.957005800445144,73.25070359808846
6.232981268275579,119.29832445276134,18.682174946290832,13.35842895973181,2.738922804713487
3.4569599350391944,96.33769014311405,12.296995503589864,12.325776077776462,38.891438430012876
1.2887972191064923,71.02143627291852,5.016557501823565,10.733273662687262,69.34233794384093
5.65133183589209,118.84279706783524,17.797951831982893,12.506524554681798,10.478765810023335
1.7711067940704894,78.55939983350872,6.683325995860769,11.161423796990706,62.07520109294937
0.3050024993904943,62.95618383614657,7.058101225667745,9.517836001421896,80.16390716503992
6.918951976926932,125.10605003242075,19.969340948574224,13.76053514865971,0.0
9.650269106665126,158.91942352783755,23.880897960586502,14.801090299667178,0.0
5.75474177875879,118.9497632722097,14.30819565888892,12.74355034393,10.236291623629775
0.8350071669866876,72.77111767304959,8.181284868728758,10.397993823804573,71.96954101919054
3.930977246667604,100.58011607003998,11.636321546732923,11.191836628864618,33.32191760688115
6.005168604336534,119.60475407862164,18.856648978405172,13.43159139981934,4.6613978019583415
1.3688563006880727,72.61663611665263,9.25490715448868,10.932864945597835,66.17267011763344
9.321182824836123,149.9815646165502,25.8386315078009,14.244613953670836,0.0
5.360963663441204,113.30469696165095,14.705580348378925,12.695497571302644,14.351142332156432
9.621725484745419,154.91869975732214,26.669269831943772,14.724461873674477,0.0
4.582528904915167,105.52517787508661,14.425070306385946,12.241717302336948,24.823623298536738
2.235958385194526,82.82715567552675,9.188236184223502,11.232477388826933,55.60411241121217
2.7230732651936895,87.04966608732859,7.296106768909943,11.282459710410684,50.56408823424294
3.5091501255207866,92.28629071160849,11.548713205256842,12.204774356957925,39.027980631582324
8.661761457749352,147.53597473595036,21.19528830711283,13.682822396749728,0.0
2.4205527151150044,83.20141870244483,7.586649937637279,11.946611695432994,54.36035897271078
6.0617463445088005,121.67684895380147,18.291897444285773,12.578839027386401,4.589701756364695
0.8483771408519192,66.10857457046016,6.159244053672005,9.899118200624887,73.02900172833377
4.545410647677732,106.53161846167006,15.944494583088696,11.820398136341984,24.465040169453154
0.9120610304869037,69.3652053109336,7.90375897419608,10.567175443143878,71.50498180117135
7.200365365460744,134.98903079252648,19.892462490186116,13.543618656472502,0.0
5.974131021703083,123.41767757062108,16.220303290354366,11.828993579367104,6.291775301136944
0.4600264202175275,64.90110201246243,7.031289358565244,10.424502574784855,78.67624152412753
1.4707348092903794,73.61485919639884,7.387553909711454,10.774655919504765,65.91195476044268
1.716792858483035,76.0972722129225,8.985059656453203,11.364715134063553,62.024254841980294
4.374749220237291,105.61613202485145,12.4553347944099,12.98266564642757,26.812259049136017
8.967884099060118,152.6211816455884,24.61186642197393,13.642612702468716,0.0
8.129010091300776,141.24004699551747,20.777018744265764,13.473567982939988,0.0
9.800325752854771,159.1618405277499,22.57164607694424,14.056490702872031,0.0
8.09874445854635,137.46582696150193,21.12937209019434,14.381835810424045,0.0
3.762595855309158,99.55371678668139,9.725381783577392,12.270972429607244,36.51180070761825
9.06354385094736,155.79485718478224,24.465983709343682,15.487481469043543,0.0
8.920465551771134,151.30376094835,23.829799606190875,15.001578302829104,0.0
6.58693631618945,129.0967857000118,19.183164486329133,12.427867506372262,0.0
2.0162732004774453,80.33954577735815,7.005934851642858,11.258256834957008,59.46944731851197
6.519612595026006,124.70177118521886,19.822595247263976,13.295824728154875,0.0
1.1586905952512971,72.852769588024,7.707863948659425,10.676399113102327,68.82327306865378
0.5147875124998935,68.27892318346761,7.681014477497643,11.04645278503104,75.6615031602393
5.406351216101065,113.42024205857588,13.646920208001816,11.719640756256956,16.096352584333857
0.366832028905979,63.022960611375524,6.950758889549347,10.072178566063856,79.51494454656454
7.222525683930662,130.61889893794591,19.450114627757067,13.672801942793422,0.0
9.109271844938425,147.42030770317766,24.39362945380074,14.389575875485988,0.0
1.7320186991001518,78.59764743505988,8.435146828598713,11.111613182256074,62.110444596697995
9.01158010490989,147.2883720552889,24.81192147853674,15.476398770686819,0.0
5.956387406078443,124.68027263212093,15.878183151060625,12.871465313364002,5.7950488284170625
3.3761517140362796,96.91642369988975,12.503570140489243,12.067036781979949,38.97423865191988
1.3441467693897424,72.64219532266821,6.538308657104463,10.639981304050462,67.97363527414886
0.7845638134226596,67.77119366120691,7.019839166261561,10.772138054453414,74.72324188859143
0.664962673667775,65.01322896983314,5.832962772560566,10.355092691333878,75.60394261904815
2.5243694434402073,84.74202840149198,8.326343953751486,12.285615819579883,52.85425091006142
3.745401188473625,97.80941388660275,10.3813261814395,12.309959131303074,36.48728610395721
4.089529444142698,101.05256482205917,14.184779814147216,12.565627054100775,30.842985430497126
3.2235384497472297,89.39865303160623,10.866380924810187,12.37686682430529,43.424357566880076
6.715731955927996,126.86914444783672,17.85081435814439,13.063230152069345,0.0
6.439995432390157,124.78872292705624,18.646178997571706,13.442384620110875,0.0
9.966368370739055,162.44409880542517,25.27784288026521,16.026207710138085,0.0
5.538542844013207,116.22346645886417,15.445942997504835,12.413161040182079,13.11783857594794
3.2004960103061175,90.02570382992049,8.083199153617976,11.210148440594327,44.587905424325456
5.12093058299281,108.7062269815472,13.883262714691691,12.793800782479446,19.920485704858912
4.271077886262563,102.80365195893793,14.213731161240542,12.510828526892166,28.209528235031264
3.4080354025301784,92.57242484756843,10.563356452615322,11.202909191801727,40.915502631747344
7.915790437258485,139.40835337788067,23.538103039197082,14.0504829870442,0.0
5.519068387744856,114.76379813558813,13.761326155468497,13.55445368296277,13.997814698437184
5.830415609696922,118.95287466041243,17.758637275826285,13.529815196996985,7.323221203251637
1.195942459383017,71.60553013884207,5.733327916037131,10.27931735617711,69.1297627221884
5.765164755142536,116.78067481028567,16.715651054218444,12.82941387630561,9.407350150879413
1.1347352124058907,74.00565718432378,7.697801537098266,10.263072744583095,69.9215287386468
5.113423988609378,110.03362957840294,13.208041592008934,13.424180282223093,18.402747714144425
2.0498429541582097,79.85378860315942,6.155747370807552,11.061358526086861,58.86547769381407
9.868869366005173,157.62669975004812,25.378530274817873,14.664873331428096,0.0
0.37348188749214417,64.68890052936769,7.601159857693615,11.037998272810874,78.07065704527167
2.2210781047073027,82.6490817024009,12.789106428703555,11.289765861458461,53.84513983315465
0.516817211686077,64.47086784804506,6.03442636165705,10.858674435079976,78.15140420158072
0.5755876001664428,65.85359614231584,4.716520635105873,9.811635609713823,77.78924855008505
5.543540525114007,116.6609530612652,14.736149948256212,12.12519949067768,12.504687960592785
2.848404943774676,90.87414269559645,13.807933892174313,11.470078714111525,45.15881744547755
4.944203047025814,110.52862652833092,12.948496657244883,13.111534430169606,20.181970592618935
4.591357562382613,105.88295592548013,12.638657862492119,11.719012579588433,25.572304786732783
3.2320293202075523,92.87833625361621,10.650047940814071,12.540319076751981,42.47906128695152
7.771469159274368,136.599708022728,19.51599357990873,13.676779806754238,0.0
0.902897700544083,72.72225099753615,7.738153235872242,10.613477364382822,71.2900380681653
5.924145688620425,121.75296913735129,14.476505324192647,13.419767982090292,8.155207618130973
3.9728729056036727,98.07496834795701,13.530167077263702,13.242214728594048,32.0838939011954
6.33101457273268,122.00489776872202,17.954133437543522,14.159145285981744,1.9392423212660481
7.506147516408584,136.2509838474164,19.661265244156695,13.704761923196846,0.0
2.0990559309558576,79.70345964492365,9.494050260358526,10.931542971872442,57.42176066101421
5.908929431882418,119.57597321746957,16.740768278382106,12.13922809408364,6.771688720972581
9.899602323899453,160.8612049027407,26.08858647826861,14.692191965045604,0.0
9.624472949421111,158.39199299393067,21.27999618327854,14.45282028090619,0.0
2.2649577519793795,85.53710672794031,8.549265995985529,11.89298198956938,55.06432354184569
0.5808361216819946,67.47620552591775,5.697858627789195,9.905420027742268,77.01510552209575
8.995745732745684,152.13495456686522,23.715523296305186,13.910932884168355,0.0
9.69302535619099,155.52022985039306,20.47972992744128,15.43987998818416,0.0
8.154614284548341,143.92417590769853,22.687959829511684,14.187577855781104,0.0
5.902949425148077,120.20288185443133,15.280874157431407,13.218154334926762,7.926319353476332
9.208418826173723,153.89205794390963,23.503871754560038,13.864487301517,0.0
6.454722959071678,123.90653497432814,18.862572963457193,13.00178205033134,0.0
0.36886947354532795,60.642320925885734,4.358662059711021,10.310554934986003,80.8042610833099
5.05888678884466,111.17598375277986,14.668258605679139,12.689836257388672,18.977282067115347
1.952429877980445,82.99622638613495,10.149072018858513,10.684415275817221,57.693944735025305
6.576128923003433,128.56000010320633,17.139490433545298,12.334160682563022,0.0
7.998552559473152,142.204925278644,22.532669438106776,13.580815927838437,0.0
6.981617140197452,130.08325321153907,16.37452418720901,13.059957034970596,0.0
1.198653673336828,72.48530410078979,8.354383998834793,10.233848698810677,68.82056147147328
7.994158789689792,140.02879278964286,20.679528433059073,14.497991821685865,0.0
7.972953657795536,139.2765787941523,19.643468217776523,13.066437956644892,0.0
6.59984046034179,128.87863903431685,18.334051942566454,13.170493029985979,0.0
4.951769101112702,112.33638589149818,15.018816026663556,12.898463536148512,19.350424819917073
2.8863055324025577,88.62115902681002,10.426311504037962,11.93206054104438,46.775766198471686
2.2879816549162246,84.06112621054686,8.865204289226075,10.95147992160168,54.85173245689466
1.2804583895777244,71.91801939339422,5.88613011923246,10.840469888042026,68.44845737912031
0.884925020519195,71.9502511908201,5.054260730057398,11.3945308050461,73.71294298986672
8.955232284962005,151.4338652255965,25.210615121868496,15.142903594500522,0.0
3.742707957561203,98.69463333747622,13.601703872372312,12.556622050778957,34.77469946880464
5.334610919763215,112.28070751830833,17.046903505440053,12.261104285412896,14.296512083706308
1.368186309189614,73.6077894977993,7.37412644957306,10.069871238961925,67.50375428385281
4.56069984217036,104.73800596683897,11.416690169956802,12.232617797540643,26.06739976245019
8.685991281894603,145.31996635682876,20.37651212518072,13.976417542392303,0.0
1.2915941515149498,72.5419989091786,5.932956953572358,11.805817436766105,68.2603221876129
9.997176732861305,161.60729992701363,27.687170499591094,15.223325322846806,0.0
8.062012797930613,143.02095579519496,21.43492658995964,15.166731271676705,0.0
1.1483682473920354,69.91388584775588,7.752464388191385,10.21567604913205,70.05864199380103
2.686773593849461,88.21288334090006,10.59087893734426,11.081103290041204,49.78960496859501
4.741738290873252,107.81958100216245,10.639976093553539,12.895222708644907,24.18179321450488
7.7513282336111455,135.67597844314304,20.852480664117543,13.413431122740796,0.0
8.22537242923169,143.269706946142,21.073436529396638,14.006852723650256,0.0
3.7646336687804958,99.4844896537805,13.156864668894016,12.72051334799435,34.078737028104165
8.684679758979128,147.54805778833838,22.94957229899206,14.874925862346759,0.0
5.427244433475962,112.77802097646398,15.983019609056962,12.335240228230019,14.806437949017015
8.773730719279554,147.3920525929139,21.313831539985806,14.744170254958087,0.0
3.9900270387013026,104.01526132643642,13.296979615821815,12.498580187587232,32.043966440537986
7.6022785988968655,134.91906969718374,20.183800578652377,13.637630640643547,0.0
1.7088758739006582,76.67071222443452,9.141125176822303,10.932784801073591,62.33481041374962
1.4085702037979986,75.85192159227431,7.51490310667472,10.614738459390923,66.64596074718965
9.872761293149445,159.26239755963823,25.7211977251031,14.359705391276743,0.0
7.533781852589416,135.04381452263718,19.166928356570775,14.391700378943042,0.0
4.319450186421157,103.2511386164725,15.252911080740212,11.979910256984347,26.834144496634412
9.29529144247826,156.96510020110082,24.810390665078483,15.615222741269244,0.0
6.275580800840634,120.91446082224762,15.944581082207696,13.72416882305404,3.5707130876056103
9.041586944937483,147.682112052544,24.12339225774596,14.860259117498382,0.0
1.0112267612279024,71.9021163661679,6.344318023206185,11.267232691470081,70.27875844790726
9.053506419560637,147.65496243041778,21.864267301950907,14.170666277692296,0.0
0.6355835028602363,69.94759037479342,3.648369045863202,10.658471506651592,76.65681043355818
2.713490317738959,88.4845421617228,7.604207067231459,10.598423884159084,49.951347972117446
2.6924323094938094,89.98125994776316,10.970908500379835,10.699903481170773,48.34855560216403
8.670723185801037,147.69529223057586,21.35427163798919,14.191087244962667,0.0
0.35942273796742086,61.354887590421924,4.844707489517469,10.34050797465333,80.36195042257494
3.881699262065219,98.22186561393222,13.010539785985213,12.364235018640857,34.10638401071625
0.7056874740042984,66.56856146946168,5.88031388159706,10.373506553137458,75.59649908981285
0.11353644767419069,64.49076610489479,5.248482497103033,10.560490210434693,83.00373573229525
7.019668772577034,131.2838880349592,19.433179538656958,12.908759623250473,0.0
8.324426408004218,143.78742175443293,21.408653622658473,13.955714292930391,0.0
9.246936182785628,152.86240416725923,24.275556008140263,14.358979237360806,0.0
1.9579113478929644,82.76812360537959,8.760940555562359,10.923622989667818,58.137037885789105
6.718927435987284,126.95313730589068,17.09525010855966,12.99542516906598,0.0
9.208724005318132,152.45660066491112,21.24298018108847,13.911368031459567,0.0
3.6771580305943354,95.4777067505322,11.89237376673011,12.782422843967263,37.144764349110126
3.9654278232127016,100.73720368853658,13.95620963122612,12.196872257793968,31.875953066446694
6.636711653626481,120.96065195026632,20.906636854726198,13.025391990154363,0.0
7.4543947418433,133.37779254129512,19.647258096832346,13.678239747700198,0.0
3.5816271803284048,91.8653386705763,13.166366844045578,12.028397463411892,38.542788740272954
4.926180939928696,109.50097013611527,12.568823100530555,11.566144221030402,21.535270983877258
5.321134852653157,117.54135321633373,14.266015473784918,12.24453677390165,13.673888907172598
6.90937738102466,129.779224503002,15.615243441081276,13.920784472642524,0.0
1.5285913918433203,73.98320013084955,8.45241360668323,10.193791441045292,64.29118247304628
5.245113895702547,117.65450518538626,14.416587807738965,12.342253129427618,15.723729258350188
2.401456187781931,83.69750273176538,12.10350394043861,12.17735766265425,53.025419508909096
4.087341710980964,100.16708452418827,14.720554300398014,11.630844014089412,30.881508002884708
7.764129607419968,137.51610981840065,20.755896203213045,14.270078760631721,0.0
5.357746840747585,113.37911667991709,15.200705268249054,12.583621867374886,13.69284125194399
9.636199770892528,157.58903365438613,24.586888664696996,14.563196538850823,0.0
1.0717201133977605,69.43016467321732,8.669932427060775,10.26080241523061,70.13594929203235
1.7854466205433361,77.8087300808356,6.520186531396304,10.263789232317224,62.218442097853895
2.850951686938471,88.55206002285684,9.666091795402552,11.218668010654415,48.573513631000196
3.189756302937613,93.9171972080614,10.45497049381601,10.779240243738334,42.905022720256646
9.506071469375561,153.8579794058532,27.0486073736814,15.893861652957202,0.0
7.068573438476172,133.5267428807414,20.63802035401681,14.143266295390864,0.0
8.08120379564417,143.15062913733306,20.997992885399594,14.148300150550229,0.0
1.9228901880867078,78.01767080139335,8.225582634488502,11.214427870771287,60.08096982484331
6.031521094663882,119.97756750025879,17.757974984504923,13.276400499838847,5.730550521586867
9.905051420006734,160.56837137964087,26.29110461489712,14.479652679654977,0.0
9.07566473926093,152.12043037186191,23.111720843083468,13.164079948267847,0.0
6.334037565104235,126.1046936331174,17.535530691400467,13.421153102389413,1.132278587864283
3.2866454536991596,93.97143444582589,11.602012573521948,10.701747622820287,40.68525350899743
4.686931597949703,105.07238001591496,19.038741029907445,12.874151281411418,20.510486306977704
4.6866064199412625,105.75888771599664,12.942303710787558,11.715841875969485,24.165771069918396
0.9128667678613356,67.19197876888609,7.708563440378751,11.37124348478871,72.40996899238556
7.607850486168974,133.3198664056607,19.753649546059336,12.760411733783453,0.0
1.3935607407282413,76.14976874585636,6.559478482543481,9.978825608429856,66.25264165909192
4.722149251619493,111.24190159372763,13.82807707130711,12.975564877054277,22.816591249156122
8.554605840110073,150.35288957157726,21.766311807210116,14.180168354065776,0.0
2.464020332391068,84.88661293747965,9.153396198950778,11.564361538862089,53.16404638570945
4.874311982495136,109.72149408524669,16.38509460276922,13.163464363990657,19.0810849880095
5.256901823026858,114.26386158456943,13.414844383850804,11.562153098436012,16.89305833068199
4.607787680327258,106.67646196408556,13.077832358604411,12.021920096134506,24.643541618649646
3.456672833238632,91.33960553663283,12.666019770728582,12.631934738438257,39.636816375025134
7.994103989090426,138.58560915140006,19.593941687892237,13.595639772569792,0.0
7.70967179954561,137.0304640497085,22.38480671827063,13.839306433337354,0.0
9.699098521619943,157.40636059052565,24.570736161961012,14.570837734255813,0.0
8.584127518430119,142.45536155591043,19.75676349618315,13.55867116390722,0.0
5.5543170560262745,116.65879117296647,16.85524874568964,12.26977878142021,11.662186469858948
9.093204020787821,150.20636308699892,22.211404170340455,13.844007086992123,0.0
0.34388521115218396,68.03664835876035,5.35048644959225,10.147494013839038,79.2413790754848
2.4773098950115746,88.60116165784933,10.859400936646663,10.303746777739706,51.16251461828451
1.8651851039985423,77.26803490022293,8.686475987469617,9.43702456654891,60.82169465348557
0.7773463696498484,68.56009937528722,4.831501686561712,10.45582143344882,74.56988949632567
7.159722288473976,131.93414483727898,17.68154372635498,13.583450377690959,0.0
1.7231987120162984,79.31179649495513,6.457325894909539,10.379330458553053,63.660092413999855
6.200727559285135,123.0344758059908,18.865180197587332,13.439837273523684,2.7175969792865984
0.3142918568673425,68.19678342042067,7.075861163380871,9.038030311771186,78.92684113882576
4.41530501373377,102.7490667617242,16.056784070271487,11.821322784231473,26.333644156246326
9.367299887367345,154.81253343413786,25.318684988333768,15.251460017275145,0.0
8.127995672575025,140.90938140799483,20.28193178766791,14.205873348118264,0.0
2.9321077169806453,89.2818015719531,11.503046243250845,11.82240987292099,46.43744850065726
3.7330931627975295,98.49019797440245,11.104552055374679,12.070573004817144,36.08738752209182
0.19710537754364155,57.727343977419224,6.2900530824673595,10.285226968627521,82.0271400070463
8.1707207094928,141.43029512696043,21.455374320859733,14.933221793651832,0.0
3.867353463005374,99.5870410683613,17.44132972650074,11.815399087893214,31.387101423223445
9.307573256035647,152.51438240662293,26.749454594613454,14.277569009341306,0.0
2.6806364082287626,85.85655676904258,9.995152105946223,11.760052456373584,49.97028912912374
6.1145423543464785,118.43225993421798,17.15377778313034,13.154297148976177,4.983578217303606
0.8279866792512647,68.0709683554377,7.278271609045395,10.056653001130416,73.72057402198413
9.293759891275858,151.77655201314911,24.891253879135625,14.73452333510489,0.0
8.77472013527053,144.45640385879153,24.259663828322957,14.040059883053692,0.0
5.189177052828375,109.78440568999105,14.875647433899573,12.365664333322943,17.081517287588657
9.398321236134752,150.4463336302218,22.407070777297196,15.628011789836242,0.0
6.96029796674973,126.67422990707766,18.15715049493821,13.565380868873149,0.0
4.505441353100935,103.83538912669079,13.173430075282825,12.813649604665702,26.387675478342132
0.40728802318970136,64.80280223682946,5.044755696672024,10.329380816065106,79.22490559881858
1.8340450985343382,80.44675669200919,7.540136199460447,10.492808232171763,60.58804322723313
9.54865280663194,157.70289369979443,22.313187773962888,14.409525168412266,0.0
8.938925830509577,147.04942463367522,21.00927559634958,14.44494824483577,0.0
0.9367476782809248,69.48673752264959,5.684865475061907,10.26157107242964,72.87559430390915
1.3752094414599325,74.64751153463396,8.085277254113604,10.134457964524149,66.35552693983668
0.7513778173580876,64.30984654978654,5.555389040968178,10.787328866517896,75.9599261453289
2.9214464853521815,89.40670640740379,9.780282820338668,11.635623254960045,46.24184878322185
0.26511310541621813,65.03007203201146,5.683010653725416,10.608331437995131,80.4125558445122
2.459577283845081,83.53853947495129,10.360490761210404,11.174034228351069,51.959738836706876
4.532888347480276,108.15332458563363,13.738707851871991,12.175159686550368,25.017890438681963
4.916158751168323,111.3726393775992,18.45124063475602,12.216298633660895,17.812811259366097
7.615106317174723,134.76525277615542,21.136985623882495,13.21853272489917,0.0
8.5218150031854,147.65567373524866,21.9362311285837,13.488042608247335,0.0
1.763869865062233,77.48302425659672,8.517957757280278,11.079844823079078,61.241546016771935
8.985541885270793,149.759996140424,24.264673979115724,14.637132774047908,0.0
7.133495858845524,133.99134687215334,20.49515818332334,13.229280920027486,0.0
5.612771975694963,114.6658596770658,17.395034749793933,12.51407712251888,10.251720756722412
7.55137255673619,134.73737193027947,20.113339851414644,14.027078491815692,0.0
0.7455064367977082,66.17958439947445,7.945198674385521,10.068815588060945,74.25456749658963
3.70472102791382,99.4186185884642,11.589421928946742,11.950101379733555,35.63970350951624
5.78280140996174,117.10313221681115,16.963646344022923,12.134165550390488,8.560271398249695
1.4866272775311296,78.6128683277464,8.587898749001505,11.692197147138554,64.12611086427786
0.8410680611499743,67.82078125491569,5.977072900660696,10.788345029197862,73.98053792243236
4.89452760277563,104.54766411451614,14.630132674095057,12.924914080506692,21.91805673139801
7.2900716804098735,131.7592242165998,18.57421304720478,13.38843765794824,0.0
1.6426579793099294,74.14320156483228,9.008115051197596,11.431739639061488,62.50405171027643
9.860010638228708,158.68772932624532,26.849425783227872,14.506579836051671,0.0
5.296505783560065,112.88474193431196,15.300649146591107,11.737951241505774,16.641511635321155
8.101133946791808,141.8029465347929,19.901572570017265,13.695846472182131,0.0
2.807723624408558,86.77440023685669,10.2186749868512,10.644188774465858,48.15371044291491
2.809631895922303,86.28850367629344,11.098741530723071,11.215811998452041,46.97726245008567
1.8657005888603584,78.95043326147022,11.129371933477792,11.795198619310733,59.1639761815813
8.297418037072017,144.20491533874628,23.817331177837932,13.255521285858665,0.0
9.327284833540133,153.26070651232155,23.782546880927804,15.30212510981416,0.0
9.198556164127606,150.07890442475863,23.120324291771436,14.203828391230026,0.0
6.4087474480321465,127.51089144060614,16.99506395132839,12.60672684221645,0.37912167226311533
8.18014765922493,139.08176431028946,19.00398109034711,13.881976627169838,0.0
8.036720768991145,140.03297152927775,20.685247443981638,12.976303914746278,0.0
8.911431136980712,149.86242450950226,22.80472885219234,14.98477473103393,0.0
2.4240973241508024,84.27034963096641,7.776627743570941,10.681746128877101,54.22057852379569
1.959828624191452,77.60157816043694,9.08249680704769,11.792893769776757,59.350744163517014
4.407627469382281,104.98101828632228,12.837121605874971,12.186309929688022,27.984842034487823
6.24148907849134,124.1574853798279,17.424017225541235,13.7298418951228,3.1442724589878615
0.6936130087516545,65.24220739087988,3.922442800772058,9.898485390718223,77.1861235969428
3.5949115121975517,98.90219582142731,11.697980949625727,12.01020072271889,37.16826377016082
3.1171107608941098,94.33025190040253,9.59862290562395,12.182001238214415,43.35724376606758
6.258599157142363,123.2435163920306,18.59447690284663,12.923553006290092,3.0038155241465736
3.492095746126609,91.14187599937502,11.401413812619888,11.798924768699045,40.0658566537761
4.460057729579558,103.21573533604786,14.63927773628821,12.186994018394332,24.629585460413317
4.983677727394797,109.47581744676673,15.865547039132458,12.838266741606304,19.079391012894064
3.924451074226354,102.27141022874781,12.977741657892704,11.564447003142735,32.44717649173156
5.183296523637368,111.75594829737226,15.595125355325319,12.70375646396408,16.897730624011494
3.706421470668909,97.89181290159208,12.141006681510664,12.200812185376453,36.65609449859874
9.823786169086064,154.716336172549,26.87844157117602,15.938379096793863,0.0
7.260913337226615,133.37300427672926,18.696021400215855,13.537533792516934,0.0
4.734717707805657,109.72123768917733,15.646341847458348,12.061275395325419,21.61062143795181
7.1904590518424545,133.85498577798938,19.74290100606008,12.506697002699799,0.0
2.7864646423661146,87.73314590151517,13.51045046606312,11.885957163990666,46.73103063981071
2.279351625419417,83.17571439023398,9.397750034832491,10.381088964373868,55.64174634926033
5.833917947661204,118.47316091106178,15.174112803137065,13.031496317933454,9.502216629530192
9.695846277645586,154.2695617543873,25.454014190176007,13.995987345409434,0.0
1.629344270814297,77.20051131117094,9.14640974224066,11.562141249133767,63.17298224455846
5.416342146608669,117.96318533587713,15.868538858144772,13.384272412737907,12.729185549099293
4.972485058923855,109.9907899375323,13.335855579238,12.388893881403586,20.196960992492183
0.12154474689816341,61.87720793341055,5.051765813230025,10.36239612373478,83.38466012632621
7.545428740846823,133.24710877403672,20.101057248533643,14.03052841464539,0.0
3.689136395697724,95.37777377983832,14.38896436908097,10.578445155239018,36.204195638933165
5.4922666470612045,116.91868669033134,16.549147583268685,12.392687039536927,11.429642765010184
2.9122914019804194,89.18242629879569,10.856550276968752,11.60669937058608,45.9437162313987
1.1323804584075525,71.49609235016828,7.169474054892072,10.368075390152896,69.21551115553875
1.533514031160802,76.92366967085167,8.124385054761646,10.618015915143475,63.85792593134204
4.508393714041321,103.42875669911577,12.816729581486172,12.873988860241441,26.30471945685989
0.1083765148029836,60.63449884803578,4.8167745357543446,10.501037102096047,82.9728223861383
2.4734810174319763,84.12436076561043,9.021082255043568,10.74558871852733,53.41917216981042
1.8452101935637732,76.35827997027386,7.607814057121666,11.168319823141987,61.59915567795496
6.842330265121569,128.58787062976654,18.367965172001593,13.61806378166891,0.0
1.7436642900499144,79.67123456367541,10.548985719856056,11.745513743982736,59.87437332874515
9.283185625877254,153.7045035981206,23.842145568885048,14.44733242534712,0.0
7.3750124810974835,134.3962833572069,21.095624257525664,13.012718134772976,0.0
1.6068137325955567,77.24086536346576,7.86201576471663,10.4009236258715,63.56253283361042
1.3927207266338726,72.99513426260224,7.159391232860119,11.744282114221516,67.09087151008494
5.648411332626164,120.60916316474794,14.748036809961018,12.762339326263204,9.73513230412074
9.856504541106007,159.4450743111667,28.679524102737567,15.3662756668179,0.0
5.426446347075766,116.5861170455147,15.651473950872075,12.722423988929602,13.468955882500463
1.7701048427674682,82.01566485420568,9.055891507859764,10.99133943669984,59.93531454540853
3.4825546702330037,94.37601589854467,11.377090380587314,11.672779590395272,39.163046515137914
5.027203900924792,108.35316053580095,14.584113272590987,13.32818513291287,20.46998625367938
5.247564316322379,113.83864455796905,14.301089847439524,11.730848912194134,16.539044786780305
8.607305832563434,147.5655654576888,20.52446046176216,13.738618246761538,0.0
6.601973767177313,130.1964870813346,16.899452912442584,14.125727330750617,0.0
5.568012624583502,118.82809977241509,20.275515307533624,13.0074425626931,9.594103482838666
3.630822963986351,99.5229207919035,13.500716685134961,11.177259273724008,35.782829571135
2.8869373677069987,87.01466740868884,6.979534618872543,10.945894442926809,49.945505641617586
0.9310276780589921,69.56648561041149,7.752390439539278,9.509386351319607,71.75069458435318
8.714605901877178,148.44347879395107,21.874195258931163,16.32042180415675,0.0
0.6107795985486375,63.41354340642698,4.838769477409305,10.558184420192257,77.2839564612481
2.063337184057925,83.23685441937685,8.781073296807199,10.62355996975798,56.92322506228844
3.410663510502585,95.39208062476094,11.738986020080741,11.293074674487455,39.45033242307857
5.31354631568148,112.43694774817794,16.528902754756633,12.726953092764763,14.490900769589294
7.885972112245307,133.11519669588978,20.85434539099039,13.862806015600237,0.0
4.715761885501584,106.02912365770106,13.69183953740351,12.605980536432451,23.23537247538526
7.4112064929005905,134.10531601418398,18.904057884039553,13.731202197390838,0.0
5.567628930139298,116.8534461102342,17.46619411617871,12.115451745631685,10.430171335535713
5.968428489168892,122.31411379885701,17.87092381418819,12.97307475499259,5.981074708665393
8.105533307818328,140.47478398980599,23.313464505056302,13.580013213937798,0.0
7.281887562036033,132.32675064410043,19.94352298112904,13.753824542573893,0.0
6.62522284353982,129.15899738963358,18.913356661433752,14.164664179897656,0.0
3.7969240816726693,97.45143086931854,13.512551354365742,11.82260482404772,34.360481930091694
7.616196153287175,137.57867442747047,20.9339320642225,13.693323748963415,0.0
7.499604703991778,133.30333372993604,20.693986600884934,13.432659428151188,0.0
0.16587828927856152,62.36289368581421,7.22463882962811,10.471642821021538,80.79201376811803
3.0424224295953772,90.34511398824046,10.606263955690828,11.807775121418288,44.9406758134682
4.182430362906189,106.81030266392747,14.83314780198507,10.847310853185554,28.097176191864214
5.4671027934327965,113.83065430013625,15.7863233884392,13.209276035245441,13.93969745438063
9.36829739324758,155.03872457153764,26.096124374317444,14.848702085978855,0.0
2.74055220687206,88.43173366507277,13.41234056436955,11.868066860437045,47.5187328303347
0.26366974497252005,62.43891814334291,6.311110647843677,9.594178675961642,79.99696180179339
1.753712786234496,77.49828865056949,9.351746862730526,9.867612460922928,60.777519187552336
6.293986381352625,124.05651763856969,18.243080590305514,13.027937972520284,2.3233146048151547
0.93981939840869,65.91876642653071,6.7248061674186355,10.20524364298016,73.19438578499906
1.2429722348554473,74.4778474001774,8.67150231378846,10.529910881901076,66.20112721746285
6.589239419101514,128.52758926223106,19.51385008945779,12.251380880365215,0.0
2.4398964337908358,85.18593510875185,10.199733428641078,10.552207432345472,52.705044819709855
1.9967378215835974,80.41164575910341,9.394165619684419,10.958069036143419,58.17475979326308
4.187705248920731,103.47693629309141,16.356002165390624,12.490440468569705,28.145988804791862
8.218600592903563,142.7439942534832,21.338002263868393,13.847076228320455,0.0
6.650366745462555,125.80503386238915,20.828254908987876,12.91108523624866,0.0
9.41464808776525,153.80033722908476,23.494492793578292,14.923455519199702,0.0
6.311386259972629,122.04339217660515,19.029127726385095,12.920130804077376,1.9875454343880028
0.9767211400638387,71.54647299188527,5.874712301264047,10.672727143690679,71.85700066284605
3.5567271646494913,96.04400961196448,11.668543140694284,11.687612001256912,38.078346532118346
0.7118864846022899,70.40289516629564,4.533525821445709,9.836671331879158,76.04520919628685
9.632225394406113,153.21046265165387,25.646925956698915,13.887161971503913,0.0
2.9712171562317504,90.7143599021972,9.21591318703424,11.574846910058572,45.836452023129375
0.6707647738842748,67.6771133734317,6.786392865479693,10.633602955733014,74.52790418481939
0.6337497047276774,66.78686649878054,5.443163705592484,9.811575742399382,76.585427612967
6.635373720167106,123.47718124503633,19.45433247139749,13.493426810259654,0.0
3.390297910487007,93.01061223844052,11.752532686305168,12.150830316330865,40.58138354693777
2.0513964048200717,79.84441338398764,11.652728871504713,11.236471244178317,56.227526388235084
4.00763060875326,97.95151903123885,11.380811661492938,11.598314872562208,33.80181512972846
8.137950197069486,143.29290660428404,19.80415209742945,14.507202921286211,0.0
4.760504021990997,109.60713240504425,14.21430121250281,11.643185944974446,22.250970744878984
2.2460482293998196,81.87685975616711,10.4693794458089,11.140037820236024,54.8493715067988
2.5824438829895833,86.19115866945414,10.777866983200173,10.801361329136387,50.808369991937965
5.664046402968972,117.01962726288721,16.90757778265528,13.546452055391269,9.713045940066895
6.335297107608947,124.6533734320068,18.074284627085557,13.487888451404887,1.031935935465365
2.594234334312925,86.50891908622154,11.323651688606322,11.93481253615597,49.178763610622795
1.448948720912231,71.59345940828982,7.199931756654382,10.279853946341953,67.00762161996538
1.5253904291426135,77.55117899028357,8.634519651787121,11.428364745565508,63.283496584826054
5.902306668690871,119.41228159738318,14.481685889086123,12.57130177560529,8.606194490360073
7.9402518927029595,136.213112792496,20.437868914049062,14.767347142226079,0.0
1.6122128725400442,77.13667678761504,8.234059149796495,9.740823196366422,63.650709681946054
9.730105547524456,159.09144191530004,24.46201930809225,15.108070918471046,0.0
7.694929331919369,134.55752719512333,21.414852153055342,13.620190806587962,0.0
5.085706911647028,112.94539087060843,14.282717434564715,12.77169674885029,17.69016539323071
7.896181427945539,138.10300319720488,20.50600716830013,14.160813146064855,0.0
7.5237452943768,137.9657338037157,20.77929901606021,13.980529240707881,0.0
1.1689804070836407,71.9715765646588,8.048408929384463,11.333206045131634,68.8423632172927
0.7586332810866392,67.53172373184653,5.713564367594831,10.116376802595717,74.77608711171463
6.939484444671001,129.35210985801314,17.358124960903194,13.586135593805583,0.0
0.8023374566164221,68.50488092514136,6.503907478158811,10.337341387549115,74.56479738041257
5.393422419156507,112.30035284959061,15.343624361269274,12.840375661779758,14.839675315897184
8.948273504276488,147.94713991255662,23.32723325635571,14.337140211223591,0.0
2.395618906669724,87.71850320557843,10.536286648194231,10.970039690322928,52.89897867875158
8.264574661077416,139.5047454035278,23.58842203416963,13.96689271837493,0.0
0.10995828658480478,63.27154709819811,5.22546008094138,10.346347934879335,81.01353001261468
6.635017691080558,128.10490149195692,19.044302812833553,13.364195032678603,0.0
6.459172413316012,125.57367403643663,17.263198470774697,12.585432397926237,0.23309923091765083
9.610703174694551,154.7707435758675,26.337095067194358,14.828819038377459,0.0
2.4848913981446574,88.17143241054231,9.64425722065276,11.682154219641031,50.61591246950723
6.011150117432088,119.97116975140358,17.501062000492947,12.77751464497895,5.956513782039583
9.255685129067764,151.822795612511,23.206899302042043,14.168779072825595,0.0
3.0461376917337066,90.99547744907558,7.864552281473456,11.764102209534546,46.03943263635115
4.242220092469763,102.24563682799513,10.529284458371773,11.585683836892663,30.400032276925653
5.371065418185478,115.34212860693337,14.212634328332783,13.358645587194113,13.663504364310526
3.1692200515627764,92.98659239503324,12.096645341875494,11.093463008654048,41.13327270381973
6.374299014982066,127.89648611694234,14.304326600258275,12.62855627663753,1.3068734236721138
3.8389122137321143,102.15829474919038,13.307966163141991,11.820487242373718,32.6492528318045
7.8365301274114305,134.76134039895427,21.59856917918791,13.747811125032674,0.0
4.845229851910213,109.89020514043226,14.282977038331346,12.373192325335452,21.365150261042682
6.651972206962001,125.08607742841441,19.127270166900047,14.182006245489946,0.0
8.556964681062858,144.8359979869992,22.986969212752808,14.714640030545654,0.0
1.4008401523652403,76.16576319051498,7.015547707828591,10.407154441400653,65.402013146485
0.39312139841098936,64.85115826998813,3.016961003464838,9.408062458109997,80.90670941238724
2.1582102749684315,80.72587242775249,11.122247205690087,11.355625180410396,54.572308213506595
6.318372121697992,119.99773374991658,17.92130349481158,12.391665937082815,1.423448756824868
9.082658859666537,149.71618954327897,21.32099332765445,14.975906726081718,0.0
4.620058036441327,103.07548865064018,15.52779274786765,12.422198846609705,24.90426449645518
0.20071197777726368,63.083711935871904,6.9724005154867,9.796678772282526,81.59512025390848
2.4317219099945406,85.41068623634817,10.801890220458082,11.385204613958114,52.07896111817661
5.201635011119934,115.07785177588673,14.962319600743594,13.05770331625276,16.521830564913895
6.527461078518747,123.27600632059765,19.327183476037497,13.62942066554687,0.0
9.504114840765588,153.57008852247637,23.25195993501967,14.86778038164558,0.0
5.026790232288615,111.0223260730152,14.624574131757065,12.620751707729571,19.18451203789274
6.095643339798968,119.8385897034465,13.395855395478442,12.989707148338505,7.559102646888679
9.383404568210379,155.39076783443707,24.622728632250055,15.282022740331263,0.0
8.34930236799299,143.2522613520227,23.997156323003153,13.516743275782742,0.0
3.769444294249076,101.40262807515913,11.261778937107682,10.776312727447506,34.867595667966015
5.707783046689119,118.54758603899081,14.00570044227022,13.000249264415487,11.159848694290927
3.746126146264712,97.33298476946113,13.565324265691292,11.909403335297027,34.730938599703684
5.833687650971596,116.30736304833023,14.321012884376614,13.446208090427739,10.245868036145428
7.378969166957685,131.7098798153258,22.221947763799314,13.870193242115393,0.0
8.172222002012159,140.36943541600306,21.04843637356333,14.262363485184519,0.0
1.1005192452767676,73.56209617798227,7.755501778850676,10.715013990424888,68.8618570202721
8.980542894407137,151.86535057923368,23.4280487989786,14.862364302361085,0.0
5.034172708548569,110.40573538361723,16.40364303378432,12.947904416523256,18.15343211435409
3.0087830981676964,88.68758935179862,11.376436492502117,11.4722974605296,44.53341947610788
1.662833687560794,78.5289520595551,10.65690800619375,10.646125462580006,60.59029526541285
8.971102599525771,144.8632673419998,24.363494892235828,14.062393311030018,0.0
6.903948286293653,127.53264712224419,20.360770574672937,13.521504342473536,0.0
7.95792669436101,138.83803827943788,21.206238255773336,13.781122991302373,0.0
3.601906414112629,93.45307969274916,12.499786389333652,12.616881656600869,37.706286270456246
1.031238688359326,70.67217518590022,6.777418824216411,11.004830400193681,71.20315994442146
3.1800347497186388,91.85783714305602,13.119756455817239,11.30510091073994,42.97223151813296
8.77339353380981,149.15194285327513,23.514610446544705,13.858417945524778,0.0
1.6162871409461377,74.22891912320294,7.292498445007329,11.17438962186297,65.80368494846411
7.062422271564962,128.95352860913013,22.2744272268797,13.163559405441505,0.0
4.281841483173143,102.89442178806783,16.264449738612566,12.2361326865491,26.85628448362825
4.4844552197831975,105.72550167375277,12.97593717287148,11.302222592937717,26.144217535682884
9.84402180703552,154.09487897832713,25.437839799681598,15.062515528658663,0.0
5.698896848713165,117.92651699928169,17.047233435467373,13.00601449436316,9.893667029059666
8.17443561738441,140.81512157924732,22.05277261948161,15.329812767031651,0.0
4.189254495045479,108.27876008614452,14.38101972316808,12.461946020252403,27.860173711713
2.381827810467265,82.80872826221622,7.914870648781767,11.486124935859364,55.34660438371905
5.107473025775658,115.4012397043675,15.429360693696875,13.182311121319115,16.443725274415762
2.4247050363472966,84.78423492119948,10.360293897295337,11.316253771850306,51.50954946757725
5.052523724478571,112.36187045679034,14.834459926313531,11.974426947974102,17.964536145958533
1.8159771680142567,79.63345947432744,7.288934852483978,11.38718149392815,61.526280504551174
1.1063173695520723,70.86286554256081,4.833659770747207,10.28743140909643,72.01527079865133
8.772005408131083,147.47655906454426,23.0358301025012,14.623718045328854,0.0
4.0941165219124045,98.24920585863055,12.986487867222209,12.575742413645315,31.921624396007093
8.49223410494178,146.06750661213013,20.867114242673885,14.168487528058515,0.0
3.220791655831783,94.35293123293744,13.195968300305227,11.571785305304369,40.6233072233526
4.361265291353167,107.49051091164823,15.869580755453109,12.02308928007953,25.65304776021431
6.277080530714178,123.41714073551135,18.38743003094173,13.086824653211949,2.293784860465989
9.343670147690148,153.78958458745592,21.708469503482142,14.323987635246542,0.0
1.4011317576645255,74.37048114052445,9.795663494632166,10.58920552844396,64.92326846798416
6.1825477153029595,123.81757252464122,19.875273566053725,13.309261552401503,2.0798581895835597
0.2538635566034486,63.21560325295787,4.520975282428692,10.201613519437318,81.8893148567853
1.5167487973275118,75.11245816317384,6.969127812531266,10.923800050971545,64.71297962281938
2.820345725713065,90.97200289415169,9.424405184610622,11.215211009576809,47.61973043115447
7.325720972102503,131.9490583547702,18.95273359052776,14.289281803264993,0.0
7.2571950838836,128.26616965293104,21.647944960314963,13.484578104980763,0.0
7.024840839871093,127.09562408474243,19.035731198034263,13.344293050595011,0.0
3.3519724164590095,92.06371828213182,10.966091161658712,11.5622480782528,42.08335774436935
9.866395785011754,159.28359927057159,23.76147886157077,15.31194546717462,0.0
5.836561118508721,123.0042702650506,17.692182161452195,13.503379913852662,6.5378868995007915
9.29697652342573,155.1031146134356,22.939374211061608,15.032591870028734,0.0
4.254364386164168,101.32407805300292,17.054537514257376,12.086742944149353,28.09750590614089
5.769038846263591,121.84091020788644,15.384364167846234,12.24093763883967,8.532657085071213
9.461154621336327,159.79067349740052,25.275725003352626,14.515014525880614,0.0
3.6426986104807546,99.55000849826126,10.899047504559054,11.8604208367252,36.311110714718325
8.967654246264251,153.080972351913,21.687575180182836,13.856259437145429,0.0
6.830067734163569,125.6544977548207,19.006186826905164,13.227622838770882,0.0
7.7091220374582194,138.57547535672597,19.21177043542645,13.849015016754809,0.0
1.7803596686975143,79.64205455612554,8.68645927928907,9.901067209661353,60.49099131176119
4.925176938188639,107.87339374570726,13.440499224713982,11.764029376537824,21.37623932373509
9.084505613336283,150.2824010191264,22.556859967932237,14.56808329509368,0.0
1.1203890216805235,72.7105734590143,6.370698181305983,11.104579337948598,69.37962975758742
1.7329432007084578,73.33303063802036,6.8581005518566815,11.158243751860173,63.16413983596554
7.891712386073383,138.4746166135623,22.46995481195252,14.167955356682027,0.0
3.1931363759041487,92.14211477133341,8.989086223982676,11.391724891637326,44.20439710989163
0.13001923510736035,63.296814147369524,5.403054769376682,10.660863366107213,82.70354936096983
6.8150272222392925,130.6754404292473,15.750544710182101,12.60871402632193,0.0
9.402302414249576,155.21782428219547,21.9459442150183,14.937887156642402,0.0
5.700611700893649,117.45502064605643,16.362861933499307,12.368939567804519,10.07340379646309
2.322126951468173,82.47685596253962,11.026956155902223,10.87017245903806,54.272928055826185
7.474709381337565,137.74976111728662,21.19401738949389,13.800443642499767,0.0
5.116774421156661,112.07951975572983,13.5497316329467,13.5541638616807,17.75684931782517
3.75582952639944,99.8558266647386,13.097356327692214,11.831221333749745,34.26328374099318
8.448753109694545,143.11123040659,21.334711648903184,13.605663235735985,0.0
7.350710438038858,135.55224524440786,22.072231905930277,13.098173884902938,0.0
2.6520236768172545,87.91668339539972,7.463625353203831,11.604288400675506,50.32075585443763
9.144119459249598,150.83483502682742,21.968517388246116,14.644591602604489,0.0
8.698963620621283,142.26377133512915,23.670573564550494,14.979098430204042,0.0
0.43159911950576113,60.3285199099147,3.686434703934184,10.535129644074432,80.82634162171631
0.4530400977204452,63.021849277165735,7.5775627374441985,10.885671211286558,78.8872431866873
1.626169393448913,73.59922802737357,8.94543012677567,11.564794610938955,63.49088391284744
3.7728416310462265,98.74408782304151,10.555975069625829,11.620336533959518,34.97357105669502
4.348273386037462,103.13096223550995,14.378658140286626,12.825890658986111,27.292773928933364
6.334782198261473,123.08255448984958,17.142443042952344,13.379424529889961,2.6041377635537946
8.926717110769749,151.64252988462061,23.327668157313667,14.038090916011353,0.0
7.482596903836583,133.51218048042304,20.069210313227543,13.53909974032631,0.0
1.9068772066366657,78.26147513988265,10.42106914162566,11.086847801466034,57.50258555978891
6.067150463828559,120.79486433798154,18.96965425128506,12.422127722136498,4.834483985917299
8.90527280739895,145.1200148952375,23.58192774882465,14.984606897479903,0.0
0.8534966807864386,67.64032301654687,8.812048316760663,10.009586817647428,72.1963912062924
1.3401522845064073,72.1747175179822,8.431303151084629,9.987164064545484,66.11862396155904
0.46965966775055046,62.56099083434712,6.452826087235533,10.155148717802323,78.56628128834114
9.265876251614944,153.44237052695453,23.746835204243265,13.568571078600066,0.0
8.721239089441514,147.14110792982018,20.774527640221784,14.504097471871612,0.0
3.2518332202674705,91.74292908280275,9.00992845848143,11.472012374564294,43.11668570322743
9.148643902204485,151.4377298375229,25.338275698166946,14.36860864754424,0.0
1.5436271527420231,73.66128717181603,6.0793456058991735,11.348608748029474,64.95968982603439
7.282163486118596,131.69347759971248,19.71130170244353,13.44484619002886,0.0
8.383287047111379,144.90589015825458,24.760075328898704,14.742054222766994,0.0
8.08397348116461,137.86861406557216,19.83115862420629,14.44906262164144,0.0
9.540510272587223,155.51840257566644,24.740272391104785,14.868320865805565,0.0
6.775643618422825,127.2739640685156,15.891738534535328,13.990819067484821,0.0
4.316595462296794,102.83171119539512,13.971152807655,13.294515091371839,27.67613031653129
7.2226693185565916,131.74882898722655,18.40018090946882,14.126063400077474,0.0
4.720669451099992,108.05389264218685,15.853304773351208,12.545365283184475,21.39117770059667
9.968742518459473,162.24945790806495,25.984339945727488,15.366386150016165,0.0
2.064212717606032,78.77124977197113,12.072306221008256,10.721088956025826,56.4549021946074
5.230654247691193,108.57346924276581,15.07887480505184,11.741508868931465,16.797377235734626
4.937955963643907,112.96867536347465,16.969437643472748,12.014136273331037,18.936522509003286
0.14544665667881929,63.835759116360876,4.501841049356268,10.687723614698983,82.97124330008248
9.404585843529143,155.09152941136242,23.89907063245778,15.302423796633985,0.0
7.476093801762511,134.30796981992543,20.503410101736478,13.255214499119651,0.0
8.623637087467452,145.08335007322108,24.065190153014505,14.014912839699372,0.0
3.2367923640424365,94.76118661371567,13.08305179973389,11.572696403266661,41.14263623786799
1.1752624677710488,70.99436919573552,7.509366615214948,10.593880894839149,68.3134811995721
5.609379715353863,119.07524942723853,15.683215629497813,13.091725468123933,11.040084592445742
0.9944139275934516,71.62537932894362,7.817277761706188,10.426133695326453,70.35144768756014
1.014715428660321,73.15395089013751,8.117074537592638,10.446003247532298,70.39549252000936
3.720180857927832,97.41021078718207,11.960590430973397,11.201524468990623,35.97361462527514
0.18110183820840509,62.74387834695111,9.293393312961772,9.455520374748186,79.67327840985864
4.289940273750183,102.70272348391234,13.856991415843952,11.894269063432272,28.595620487793614
7.624586857406905,134.24909769569246,18.182747463682453,14.15582632663291,0.0
5.021950103312426,110.35521205417906,14.379334174932128,11.73957429405139,19.893866992907427
7.464914051180242,135.93082623433642,18.607016125518903,13.111576737849308,0.0
1.5601864044243652,76.72144494010574,8.244032438250485,10.536491741614718,64.11036650622177
3.4208174871590744,95.74033542836013,13.373709917462246,11.154618618822761,39.04671626478764
2.1144800699654462,80.4148952405687,8.88487402382885,11.270161864297638,57.830468858617564
2.578876854332023,83.83970993397895,12.502873746912208,11.30916195128638,50.04156495380447
6.279003894909078,126.81681344414403,15.313213907183037,13.10251551565735,3.041909961930586
4.391349085702184,101.86511720836343,13.437998725541577,12.835433877731171,27.885113820384625
1.1355759219962902,69.4770884323254,5.6336005297836085,10.566586040538718,70.57759675703441
8.41828776758272,143.27642157717264,20.598459740197008,13.522911109849309,0.0
6.68643219924431,125.16328108402449,16.516370764997674,13.854981421714827,0.0
0.2541912674409519,62.509066882264015,2.983225246550478,10.273191997883663,81.67099184612911
4.24130671302386,103.27070013089975,15.127317276764046,12.156280231467376,28.05937551450954
7.952673118598902,141.43734160313005,22.772365608302984,13.945834573371759,0.0
6.220867002278735,123.72698034339264,15.392800437756666,13.149011749248226,3.1981855640751715
3.892016787341631,96.9551930863397,10.648097846008044,11.34761407045766,36.40452107261633
3.0952761628632777,92.36897898200995,12.981716430297613,10.47144630912705,43.61513025055398
5.200680211778108,110.96108206347454,17.517758993175622,12.569338101206037,16.028948311358967
0.6505159298527952,69.39911506723543,8.719362802088726,11.194683640853063,73.7076188041907
6.411476328852973,123.5725160864446,19.20935786701269,12.556129982703574,0.6381434773297667
6.322642879195303,125.52332021034654,19.829019241610755,13.608645033384589,0.3406236630849707
6.420316461542877,125.77476493273043,16.383147821273827,13.342168271438274,1.7973730866006052
9.429097039125192,154.10037932647802,21.156607477021275,15.057302388957698,0.0
5.142344384136116,110.46594659803421,16.047776303117132,12.15464416356768,16.25976216439763
2.310747965880714,85.74170979348686,7.858104023324151,10.975354348561867,55.458571320195496
7.948113035416484,142.11591848543353,18.484886274279503,13.927238423338656,0.0
8.902637838909163,151.49856473951252,22.682991668165858,14.774563688317468,0.0
1.2748866233198242,70.99290105968512,10.356221009697322,10.810798300462372,67.22977539547266
8.144684825889358,143.41037923287675,23.21183534428437,14.736662827068795,0.0
2.865412521282844,87.71872281020465,12.864947246715598,11.545338319265197,45.62050653730774
6.725184560770384,127.69967387583317,17.4881387579743,13.176432753916231,0.0
4.103968269896615,102.17070199022923,14.231014638362161,10.587259789947174,30.98576936040619
4.126176769114265,101.8241505390814,13.138427002764745,12.367211480399618,30.487151991855985
1.8188008439914483,75.44420615405177,8.87762902676208,11.634864196135329,60.574788796106304
9.743948076661665,157.82357899959672,25.487364904687148,14.911772969518852,0.0
3.63629602379294,95.47009300882834,12.020376319708696,11.867181781665943,37.82091210796623
8.287375091519294,140.62830687206835,20.751662821427146,14.882154758818784,0.0
9.69878826707639,158.65494059398173,26.664308929523802,14.998473366533457,0.0
6.791023191444896,125.70381518300559,18.488759857390825,14.087777619519402,0.0
0.06952130531190703,61.98618141540122,3.3481551010252315,9.809754223658047,84.5454497915046
5.9507793070025485,119.2328960407701,17.19409609004729,13.027108718155327,5.997239982391991
5.941307153521351,118.07689062792741,18.46053573362708,13.139930014903632,6.21549018003302
5.805883502780435,117.20611983539327,17.297687612483735,13.500323182328687,8.492759709479307
2.4534910968132095,84.67501529435846,9.972254196591619,11.387584819094855,52.406009908469386
2.8093450968738076,88.42635538516419,10.858474781743714,11.513060330318218,48.445124958192594
1.2466268120326685,73.33938772864202,7.4290185520979755,11.775132782068729,68.24672513645523
1.8182496720710062,76.02038363989354,8.956294286498547,10.893405250848113,61.0498789753245
6.721355474058786,125.17108910632642,18.82332044035943,13.058687424044779,0.0
1.2203823484477883,71.16924658427713,7.243879246257119,10.470749477148516,68.69336309675771
2.7738118298113266,85.55349276876811,9.534061540880236,11.827609679367448,48.52210440212752
2.8185477477339993,87.53581471032274,11.473632086555686,11.565866110799488,47.456041041330515
5.5520081159946235,119.12196202576787,15.877106306508981,12.490828374790471,10.52306579811858
7.43946292572677,133.48043674409516,19.41620166876981,13.181043424371005,0.0
3.2539969815926773,96.13534286962583,11.468212074311765,11.755874760867714,40.28436218697731
5.862298320167972,116.11440435534122,14.55170951838563,13.58714102937096,9.3699761789084
9.394989415641891,151.94161262291476,25.219683782153652,15.478939092075045,0.0
0.2709599250348349,60.696514119789065,5.799678859759966,10.215724774504157,81.35272782602165
7.036578593800237,130.2505483439352,17.581633125687702,13.140393546820937,0.0
9.06472110964547,149.66951225288216,26.214257566535252,13.616519431219722,0.0
7.308674752036443,134.2718014187668,20.12742644592622,13.476000808928285,0.0
5.744731131799119,117.10694207294134,14.86173647376154,12.621473469493795,10.331250834726465
5.222432600548044,111.2368128391578,14.970755917055513,13.520247261552933,16.74747897053146
0.5182353682242691,64.43668737805916,8.615537595759484,8.957549140198484,76.86968677364325
3.8509772860192526,95.17260471243735,11.241635272481803,11.596364436842702,34.96713858949851
1.397723766262895,75.37001255754238,12.219089170488878,10.860349134940282,64.09841667018486
6.492103021160636,124.51386949140164,18.860825513029997,14.680253038413703,0.0
4.926251042908591,112.54074403997404,15.948648264416969,12.557865432064835,18.409500255250425
9.173135754622429,150.5078193644137,22.962001880501788,13.67099543814204,0.0
5.188380571260721,109.86434430318734,12.006427141544535,13.167410720830725,18.90241539656158
5.243902693275801,112.27974415026657,14.216354493622974,12.126972450361892,16.671321554984857
2.9359184426449336,92.11936713474424,11.104622911078335,12.06658268314508,45.6546259477508
0.8413996499504883,69.26491162307482,4.6133720527175806,11.056876575028628,75.14095477376266
6.3230583059357945,124.97549771591822,17.058643760738903,12.928281463353798,2.567278458578965
4.034828662123971,99.67411467900364,13.932464848407792,11.346350456819428,31.29323693705603
1.636559428657045,79.32065444868098,6.289431922198735,10.55147956110894,63.535644763361965
9.025529066795666,153.03929524064586,22.514889999375693,14.7738358063648,0.0
3.366042781939206,97.11435552185887,14.72085859363059,11.502366109985958,37.983458189209195
0.7379656473539886,70.72480124721528,7.806262379853928,9.928448655346347,73.16137614550544
0.04632023004602859,63.212955138756655,6.022207629041262,9.663605389298421,83.38548106459137
8.464522917345182,144.2378816730979,19.109159256981798,13.448331745989863,0.0
2.4929222914887497,88.62263756635957,10.40608632120691,10.99659605766856,51.311692260228874
5.899176868546331,116.02197274856351,18.444082804723205,13.763822711659326,7.219069781222169
8.06834739267264,142.39030504428703,21.836232347014782,13.826190232362642,0.0
9.50714306409916,152.4007419235714,23.88962776925528,14.428688918625447,0.0
9.14298806560499,151.81088001560803,24.61382335569347,15.72545215811055,0.0
1.065982531337718,70.81069259118037,8.474998208819335,10.126484079538793,70.26386095993045
2.129641615089107,81.3025081911979,9.890742646762298,10.943480169138537,56.49931173851086
8.631034258755935,146.71618862926195,22.06060540530605,14.049909982074169,0.0
0.09197051616629648,58.602975783277884,5.953569162478532,9.565962110443415,82.38526953780335
9.656320330745594,158.6268923863932,23.90984468963244,15.744438687112398,0.0
1.4991742734877378,75.72647374850973,8.800292176159129,10.733446831219135,64.23923876985884
9.49799913291924,152.77325811684463,23.099732973801018,14.435132613417368,0.0
8.877041827582998,147.44461644072808,23.287503678344486,14.853616819722806,0.0
1.1119748230615134,69.51239909467567,5.407191752201855,9.915759626029523,70.50108295846023
9.611905638239142,153.926506208601,21.82245530876351,14.452139871708559,0.0
7.13244787222995,129.72788423322257,18.942514199026796,13.795417287890716,0.0
0.9783416065100148,71.88472485711536,6.670141569119776,11.316874359799154,70.85297747742352
8.963358185211197,152.67621395595688,20.57951221337931,14.406557598206469,0.0
3.5058755880659698,96.95786415154235,8.781736796325074,11.270585081157627,39.704795188590744
6.158500980522165,119.29231901918428,18.137680633807143,13.449077066123417,3.5950186730027966
2.2925139523264146,84.75230877573065,5.631406296127513,11.466528443700595,55.659242041311174
9.539285770025874,154.24545769238156,24.494636946989036,14.538062203970238,0.0
2.1233911067827616,78.680413916187,10.253792328241222,10.598346398967726,56.7229427576525
6.95974206093698,129.43598744915263,18.80583769207077,14.119603496297367,0.0
1.6893506307216455,78.249358049895,6.933062872127375,11.927203349264124,62.87593427130991
1.7743954377972282,78.871772618077,6.662424087222531,10.96622446385868,61.930664907157905
9.132405525564714,151.84540278729494,22.80922200796443,14.174326002220143,0.0
3.2078006497173583,89.02695615532411,11.981251890287995,11.64650504967563,43.23014077312497
0.13094456588333636,61.53598647990889,6.318648941503757,9.379042557201137,82.05931012491703
2.7214513722996267,85.96921499952735,10.177741499925581,10.969723939894294,49.72859398923314
5.935924535540487,123.47165961528552,17.72993523365219,13.094246690768555,5.947215543828243
0.5476163882203133,65.51775129755396,7.895351211080919,10.44188067562327,76.63931222230872
5.843143119231002,118.77015284038217,17.70661039663768,13.25427997146139,7.605891972383617
3.3424389081696084,96.70431814043887,12.629172192671934,11.832260609468296,39.10193583423641
6.847311725538793,126.90113833437204,17.998017057613506,12.642909251548467,0.0
4.524395161326934,102.11756999587602,12.342261817016643,12.317883881583494,25.91965142481072
3.7015870025544437,101.30041074276818,10.439943406430219,12.427743868405095,36.653096568245616
3.922440450997323,94.11656224016932,12.12662471798204,11.819027900695406,34.68338254166014
1.5615259736619036,75.02445691634098,9.40483978792373,10.962833134858283,64.65861001135664
1.3637147558676976,74.51102389816967,8.465457783724593,10.168672774100903,67.18522281481161
5.7161268946989985,120.50107795569281,15.287324633130124,12.652151762867671,10.254677635228406
2.418522909004517,81.32367888580907,11.537700963309632,11.34429013369797,53.292077868229676
2.5179905890695276,80.33142537014939,8.647844239049673,10.164034442045487,52.96531714224943
4.811401018548175,107.23909358483492,15.662179971643766,13.09887520790551,21.824139367086786
9.929647961193004,156.87719757454764,25.404743746323458,15.03886869049564,0.0
2.579028270449398,83.34168623191526,11.27208016843838,12.238158482611254,51.60620518733584
6.134151959357899,122.11867680264092,19.876653414412168,13.776341652252968,3.1730883600781534
0.45227288910538066,66.49137368800697,5.85470079224407,11.335526561276756,77.63407043983997
5.277011090862999,115.22544889357657,13.675432015106319,12.822315465536354,16.1817757714427
7.0407976809922355,130.7291247720221,20.129837992288273,13.873438297403682,0.0
0.3654966784809488,61.74472162611078,6.016946743859434,10.013187199605454,80.2479083909466
5.435528611139886,117.44177316794324,16.78133311210328,13.75171747465172,12.772451127312385
8.511366715168569,145.91211339689625,22.737270084371467,14.482437713861518,0.0
1.3949386065204183,72.91729660876943,7.698885992318906,12.043986135250458,65.61317745110557
9.626484146779251,156.3687332394071,22.544718616887348,15.023047059401685,0.0
1.1881791626807192,75.13858487306427,8.40583601079649,11.063047350095687,67.74215332864289
3.677831327192532,94.21770447458354,12.817738463641218,12.337200918885989,36.925133068811824
7.9829517896677515,139.77840975469462,20.251572269018514,13.713702505090442,0.0
3.8313852824949746,95.08123160807658,11.866314218272002,11.854664075186848,36.03019715233438
8.972157579533267,148.35947248038292,18.533732207070113,14.4517617667239,0.0
8.034809303848485,145.22759785116338,19.546977319955168,13.141490248548383,0.0
7.3644423562472285,135.0306347769986,18.790368781250137,13.035467365521566,0.0
5.734378881232861,117.98335268061369,14.423996755576505,12.558368602149582,9.378509378277837
6.201325978015367,123.23153602196803,16.671809109860405,12.664182443780835,3.4762445647587237
4.33851649237973,101.09915509833634,13.282696740947058,11.990243556316372,28.658433006130583
8.212573046720129,144.5795969149699,24.557810252745146,14.088373734006835,0.0
7.9518619476870365,139.00053518522896,20.22385128183955,13.000380041824206,0.0
9.865152487929796,160.9984725942686,26.80248609389532,14.625514961460741,0.0
4.17411003148779,101.1255438449719,15.946992562203217,11.819387472235784,28.170722291840434
2.372267917359945,81.12901527768776,10.779097542587682,11.98044742270177,53.8040393615078
2.707446731435538,87.72605994751972,12.69381934833373,11.6291221518546,48.183805625419886
1.0789142699330445,73.16592924622661,5.949023440121806,10.445792625763335,70.46044014309304
0.944429607559284,68.16637258021385,6.920188947562511,9.018720694118821,72.60351829930073
6.3755747135521315,124.42466071549536,19.44120713234564,12.744446895634338,1.1910810998894954
0.5630327568183735,66.76829372655428,5.515511044246576,10.373871615799729,77.94750874082341
3.559726786512616,95.21590306359947,11.303282569853943,11.198971471300126,39.161028162167995
7.121792213475358,129.21468211496372,19.770756738263092,13.084936876726562,0.0
2.8571208628186073,88.63937556470452,9.366065653152523,11.649214007258927,47.935109414256154
8.960912999234932,148.8224523676946,22.42109676383585,14.268338332918445,0.0
8.735786241067773,146.62721930805353,22.346415527450006,15.35416420892879,0.0
6.118528947223795,123.06185708418994,20.0888439230771,13.15118173177315,2.1485276992926092
5.325894325515859,114.70370597081413,14.742997419893378,12.511856869266618,14.58036968392222
1.987156815341724,78.76061391509674,11.637279969597715,11.410245363561016,57.663471966230034
4.103829230356297,102.2061486742149,11.993253180830125,11.788790686919437,30.246908391937076
8.093611554785136,139.6849901448323,22.424870506571725,13.360968928777334,0.0
7.755276166950106,137.60120058284656,23.224511858499877,13.629172070916063,0.0
7.009691314591199,132.59239729125946,19.41819997366047,14.39574511168113,0.0
3.143559810763267,90.45671922259622,9.43559631370665,11.268347316453045,43.70652836760908
